
[
    {
        "key": "group_60d16bcdb11e1",
        "title": "Breadcrumb",
        "fields": [
            {
                "key": "field_60d16bcdd454c",
                "label": "",
                "name": "breadcrumb",
                "type": "image",
                "instructions": "",
                "required": 0,
                "conditional_logic": 0,
                "wrapper": {
                    "width": "",
                    "class": "",
                    "id": ""
                },
                "return_format": "url",
                "preview_size": "medium_large",
                "library": "all",
                "min_width": "",
                "min_height": "",
                "min_size": "",
                "max_width": "",
                "max_height": "",
                "max_size": "",
                "mime_types": ""
            }
        ],
        "location": [
            [
                {
                    "param": "post_type",
                    "operator": "==",
                    "value": "page"
                }
            ],
            [
                {
                    "param": "post_type",
                    "operator": "==",
                    "value": "post"
                }
            ],
            [
                {
                    "param": "post_type",
                    "operator": "==",
                    "value": "product"
                }
            ],
            [
                {
                    "param": "taxonomy",
                    "operator": "==",
                    "value": "all"
                }
            ]
        ],
        "menu_order": 0,
        "position": "normal",
        "style": "default",
        "label_placement": "top",
        "instruction_placement": "label",
        "hide_on_screen": "",
        "active": true,
        "description": ""
    },
    {
        "key": "group_60b98fa56d301",
        "title": "Menu",
        "fields": [
            {
                "key": "field_60b98fbe9d262",
                "label": "Icon Class",
                "name": "icon_class",
                "type": "text",
                "instructions": "",
                "required": 0,
                "conditional_logic": 0,
                "wrapper": {
                    "width": "",
                    "class": "",
                    "id": ""
                },
                "default_value": "",
                "placeholder": "",
                "prepend": "",
                "append": "",
                "maxlength": ""
            },
            {
                "key": "field_60b98fcb9d263",
                "label": "Image",
                "name": "image",
                "type": "image",
                "instructions": "",
                "required": 0,
                "conditional_logic": 0,
                "wrapper": {
                    "width": "",
                    "class": "",
                    "id": ""
                },
                "return_format": "url",
                "preview_size": "medium_large",
                "library": "all",
                "min_width": "",
                "min_height": "",
                "min_size": "",
                "max_width": "",
                "max_height": "",
                "max_size": "",
                "mime_types": ""
            }
        ],
        "location": [
            [
                {
                    "param": "nav_menu_item",
                    "operator": "==",
                    "value": "all"
                }
            ]
        ],
        "menu_order": 0,
        "position": "normal",
        "style": "default",
        "label_placement": "top",
        "instruction_placement": "label",
        "hide_on_screen": "",
        "active": true,
        "description": ""
    },
    {
        "key": "group_5fafa09cda768",
        "title": "Options",
        "fields": [
            {
                "key": "field_5fafa0da8a9d9",
                "label": "General",
                "name": "",
                "type": "tab",
                "instructions": "",
                "required": 0,
                "conditional_logic": 0,
                "wrapper": {
                    "width": "",
                    "class": "",
                    "id": ""
                },
                "placement": "left",
                "endpoint": 0
            },
            {
                "key": "field_5fafa2aaddc14",
                "label": "Favicon",
                "name": "favicon",
                "type": "image",
                "instructions": "",
                "required": 0,
                "conditional_logic": 0,
                "wrapper": {
                    "width": "33",
                    "class": "",
                    "id": ""
                },
                "return_format": "url",
                "preview_size": "medium",
                "library": "all",
                "min_width": "",
                "min_height": "",
                "min_size": "",
                "max_width": "",
                "max_height": "",
                "max_size": "",
                "mime_types": ""
            },
            {
                "key": "field_5fafa27dddc12",
                "label": "Logo",
                "name": "logo",
                "type": "image",
                "instructions": "",
                "required": 0,
                "conditional_logic": 0,
                "wrapper": {
                    "width": "33",
                    "class": "",
                    "id": ""
                },
                "return_format": "url",
                "preview_size": "medium",
                "library": "all",
                "min_width": "",
                "min_height": "",
                "min_size": "",
                "max_width": "",
                "max_height": "",
                "max_size": "",
                "mime_types": ""
            },
            {
                "key": "field_5fafa2e1fd2b4",
                "label": "Color",
                "name": "color",
                "type": "color_picker",
                "instructions": "",
                "required": 0,
                "conditional_logic": 0,
                "wrapper": {
                    "width": "33",
                    "class": "",
                    "id": ""
                },
                "default_value": "#000",
                "enable_opacity": false,
                "return_format": "string"
            },
            {
                "key": "field_607660a1af5c1",
                "label": "Width Logo",
                "name": "width_logo",
                "type": "text",
                "instructions": "",
                "required": 0,
                "conditional_logic": 0,
                "wrapper": {
                    "width": "50",
                    "class": "",
                    "id": ""
                },
                "default_value": 170,
                "placeholder": "",
                "prepend": "",
                "append": "",
                "maxlength": "",
                "translations": "translate"
            },
            {
                "key": "field_6090a3e614b04",
                "label": "Height Logo",
                "name": "height_logo",
                "type": "text",
                "instructions": "",
                "required": 0,
                "conditional_logic": 0,
                "wrapper": {
                    "width": "50",
                    "class": "",
                    "id": ""
                },
                "default_value": 65,
                "placeholder": "",
                "prepend": "",
                "append": "",
                "maxlength": "",
                "translations": "translate"
            },
            {
                "key": "field_5fd973dd73b21",
                "label": "Breadcrumb",
                "name": "breadcrumb",
                "type": "image",
                "instructions": "",
                "required": 0,
                "conditional_logic": 0,
                "wrapper": {
                    "width": "",
                    "class": "",
                    "id": ""
                },
                "return_format": "url",
                "preview_size": "full",
                "library": "all",
                "min_width": "",
                "min_height": "",
                "min_size": "",
                "max_width": "",
                "max_height": "",
                "max_size": "",
                "mime_types": ""
            },
            {
                "key": "field_61e8e9870cd35",
                "label": "Header",
                "name": "",
                "type": "tab",
                "instructions": "",
                "required": 0,
                "conditional_logic": 0,
                "wrapper": {
                    "width": "",
                    "class": "",
                    "id": ""
                },
                "placement": "top",
                "endpoint": 0
            },
            {
                "key": "field_61e8e9a20cd36",
                "label": "Header",
                "name": "header",
                "type": "post_object",
                "instructions": "",
                "required": 0,
                "conditional_logic": 0,
                "wrapper": {
                    "width": "",
                    "class": "",
                    "id": ""
                },
                "post_type": [
                    "html-blocks"
                ],
                "taxonomy": "",
                "allow_null": 1,
                "multiple": 0,
                "return_format": "id",
                "ui": 1
            },
            {
                "key": "field_61e8eac8137b1",
                "label": "Products",
                "name": "",
                "type": "tab",
                "instructions": "",
                "required": 0,
                "conditional_logic": 0,
                "wrapper": {
                    "width": "",
                    "class": "",
                    "id": ""
                },
                "placement": "top",
                "endpoint": 0
            },
            {
                "key": "field_61e8eade137b2",
                "label": "Products",
                "name": "products",
                "type": "group",
                "instructions": "",
                "required": 0,
                "conditional_logic": 0,
                "wrapper": {
                    "width": "",
                    "class": "",
                    "id": ""
                },
                "layout": "block",
                "sub_fields": [
                    {
                        "key": "field_61e8eb32137b4",
                        "label": "Breadcrumb",
                        "name": "breadcrumb",
                        "type": "image",
                        "instructions": "",
                        "required": 0,
                        "conditional_logic": 0,
                        "wrapper": {
                            "width": "",
                            "class": "",
                            "id": ""
                        },
                        "return_format": "url",
                        "preview_size": "medium_large",
                        "library": "all",
                        "min_width": "",
                        "min_height": "",
                        "min_size": "",
                        "max_width": "",
                        "max_height": "",
                        "max_size": "",
                        "mime_types": ""
                    },
                    {
                        "key": "field_61e8ebad137b5",
                        "label": "Sidebar",
                        "name": "sidebar",
                        "type": "select",
                        "instructions": "",
                        "required": 0,
                        "conditional_logic": 0,
                        "wrapper": {
                            "width": "",
                            "class": "",
                            "id": ""
                        },
                        "choices": {
                            "no": "No",
                            "left": "Left",
                            "right": "Right"
                        },
                        "default_value": "left",
                        "allow_null": 0,
                        "multiple": 0,
                        "ui": 1,
                        "ajax": 0,
                        "return_format": "value",
                        "placeholder": ""
                    },
                    {
                        "key": "field_6239a4aeaac27",
                        "label": "",
                        "name": "sidebar_2",
                        "type": "post_object",
                        "instructions": "",
                        "required": 0,
                        "conditional_logic": [
                            [
                                {
                                    "field": "field_61e8ebad137b5",
                                    "operator": "!=",
                                    "value": "no"
                                }
                            ]
                        ],
                        "wrapper": {
                            "width": "",
                            "class": "",
                            "id": ""
                        },
                        "post_type": [
                            "html-blocks"
                        ],
                        "taxonomy": "",
                        "allow_null": 1,
                        "multiple": 0,
                        "return_format": "id",
                        "ui": 1
                    },
                    {
                        "key": "field_61e8ec070ccbb",
                        "label": "Products Per Page",
                        "name": "products_per_page",
                        "type": "text",
                        "instructions": "",
                        "required": 0,
                        "conditional_logic": 0,
                        "wrapper": {
                            "width": "50",
                            "class": "",
                            "id": ""
                        },
                        "default_value": 12,
                        "placeholder": "",
                        "prepend": "",
                        "append": "",
                        "maxlength": ""
                    },
                    {
                        "key": "field_61e8ec5a0ccbc",
                        "label": "Number Products On Row",
                        "name": "number_products_on_row",
                        "type": "text",
                        "instructions": "",
                        "required": 0,
                        "conditional_logic": 0,
                        "wrapper": {
                            "width": "50",
                            "class": "",
                            "id": ""
                        },
                        "default_value": 3,
                        "placeholder": "",
                        "prepend": "",
                        "append": "",
                        "maxlength": ""
                    }
                ]
            },
            {
                "key": "field_61e8ecabb4909",
                "label": "Product Single",
                "name": "product_single_option",
                "type": "group",
                "instructions": "",
                "required": 0,
                "conditional_logic": 0,
                "wrapper": {
                    "width": "",
                    "class": "",
                    "id": ""
                },
                "layout": "block",
                "sub_fields": [
                    {
                        "key": "field_61e8ecabb490a",
                        "label": "Breadcrumb",
                        "name": "breadcrumb",
                        "type": "image",
                        "instructions": "",
                        "required": 0,
                        "conditional_logic": 0,
                        "wrapper": {
                            "width": "",
                            "class": "",
                            "id": ""
                        },
                        "return_format": "url",
                        "preview_size": "medium_large",
                        "library": "all",
                        "min_width": "",
                        "min_height": "",
                        "min_size": "",
                        "max_width": "",
                        "max_height": "",
                        "max_size": "",
                        "mime_types": ""
                    },
                    {
                        "key": "field_61e8ecabb490b",
                        "label": "Sidebar",
                        "name": "sidebar",
                        "type": "select",
                        "instructions": "",
                        "required": 0,
                        "conditional_logic": 0,
                        "wrapper": {
                            "width": "",
                            "class": "",
                            "id": ""
                        },
                        "choices": {
                            "no": "No",
                            "left": "Left",
                            "right": "Right"
                        },
                        "default_value": "left",
                        "allow_null": 0,
                        "multiple": 0,
                        "ui": 1,
                        "ajax": 0,
                        "return_format": "value",
                        "placeholder": ""
                    },
                    {
                        "key": "field_6239a4eaaac28",
                        "label": "",
                        "name": "sidebar_2",
                        "type": "post_object",
                        "instructions": "",
                        "required": 0,
                        "conditional_logic": [
                            [
                                {
                                    "field": "field_61e8ecabb490b",
                                    "operator": "!=",
                                    "value": "no"
                                }
                            ]
                        ],
                        "wrapper": {
                            "width": "",
                            "class": "",
                            "id": ""
                        },
                        "post_type": [
                            "html-blocks"
                        ],
                        "taxonomy": "",
                        "allow_null": 1,
                        "multiple": 0,
                        "return_format": "id",
                        "ui": 1
                    }
                ]
            },
            {
                "key": "field_61fa65f5d22a7",
                "label": "Blogs",
                "name": "",
                "type": "tab",
                "instructions": "",
                "required": 0,
                "conditional_logic": 0,
                "wrapper": {
                    "width": "",
                    "class": "",
                    "id": ""
                },
                "placement": "top",
                "endpoint": 0
            },
            {
                "key": "field_61fa6608d22a8",
                "label": "Blogs",
                "name": "blogs",
                "type": "group",
                "instructions": "",
                "required": 0,
                "conditional_logic": 0,
                "wrapper": {
                    "width": "",
                    "class": "",
                    "id": ""
                },
                "layout": "block",
                "sub_fields": [
                    {
                        "key": "field_61fa6608d22a9",
                        "label": "Breadcrumb",
                        "name": "breadcrumb",
                        "type": "image",
                        "instructions": "",
                        "required": 0,
                        "conditional_logic": 0,
                        "wrapper": {
                            "width": "",
                            "class": "",
                            "id": ""
                        },
                        "return_format": "url",
                        "preview_size": "medium_large",
                        "library": "all",
                        "min_width": "",
                        "min_height": "",
                        "min_size": "",
                        "max_width": "",
                        "max_height": "",
                        "max_size": "",
                        "mime_types": ""
                    },
                    {
                        "key": "field_61fa6608d22aa",
                        "label": "Sidebar",
                        "name": "sidebar",
                        "type": "select",
                        "instructions": "",
                        "required": 0,
                        "conditional_logic": 0,
                        "wrapper": {
                            "width": "",
                            "class": "",
                            "id": ""
                        },
                        "choices": {
                            "no": "No",
                            "left": "Left",
                            "right": "Right"
                        },
                        "default_value": "left",
                        "allow_null": 0,
                        "multiple": 0,
                        "ui": 1,
                        "ajax": 0,
                        "return_format": "value",
                        "placeholder": ""
                    },
                    {
                        "key": "field_6239a52eaac29",
                        "label": "",
                        "name": "sidebar_2",
                        "type": "post_object",
                        "instructions": "",
                        "required": 0,
                        "conditional_logic": [
                            [
                                {
                                    "field": "field_61fa6608d22aa",
                                    "operator": "!=",
                                    "value": "no"
                                }
                            ]
                        ],
                        "wrapper": {
                            "width": "",
                            "class": "",
                            "id": ""
                        },
                        "post_type": [
                            "html-blocks"
                        ],
                        "taxonomy": "",
                        "allow_null": 1,
                        "multiple": 0,
                        "return_format": "id",
                        "ui": 1
                    }
                ]
            },
            {
                "key": "field_61fa661fd22ad",
                "label": "Blog Single",
                "name": "blog_single",
                "type": "group",
                "instructions": "",
                "required": 0,
                "conditional_logic": 0,
                "wrapper": {
                    "width": "",
                    "class": "",
                    "id": ""
                },
                "layout": "block",
                "sub_fields": [
                    {
                        "key": "field_61fa661fd22ae",
                        "label": "Breadcrumb",
                        "name": "breadcrumb",
                        "type": "image",
                        "instructions": "",
                        "required": 0,
                        "conditional_logic": 0,
                        "wrapper": {
                            "width": "",
                            "class": "",
                            "id": ""
                        },
                        "return_format": "url",
                        "preview_size": "medium_large",
                        "library": "all",
                        "min_width": "",
                        "min_height": "",
                        "min_size": "",
                        "max_width": "",
                        "max_height": "",
                        "max_size": "",
                        "mime_types": ""
                    },
                    {
                        "key": "field_61fa661fd22af",
                        "label": "Sidebar",
                        "name": "sidebar",
                        "type": "select",
                        "instructions": "",
                        "required": 0,
                        "conditional_logic": 0,
                        "wrapper": {
                            "width": "",
                            "class": "",
                            "id": ""
                        },
                        "choices": {
                            "no": "No",
                            "left": "Left",
                            "right": "Right"
                        },
                        "default_value": "left",
                        "allow_null": 0,
                        "multiple": 0,
                        "ui": 1,
                        "ajax": 0,
                        "return_format": "value",
                        "placeholder": ""
                    },
                    {
                        "key": "field_6239a54caac2a",
                        "label": "",
                        "name": "sidebar_2",
                        "type": "post_object",
                        "instructions": "",
                        "required": 0,
                        "conditional_logic": [
                            [
                                {
                                    "field": "field_61fa661fd22af",
                                    "operator": "!=",
                                    "value": "no"
                                }
                            ]
                        ],
                        "wrapper": {
                            "width": "",
                            "class": "",
                            "id": ""
                        },
                        "post_type": [
                            "html-blocks"
                        ],
                        "taxonomy": "",
                        "allow_null": 1,
                        "multiple": 0,
                        "return_format": "id",
                        "ui": 1
                    }
                ]
            },
            {
                "key": "field_61e8e9c70cd37",
                "label": "Footer",
                "name": "",
                "type": "tab",
                "instructions": "",
                "required": 0,
                "conditional_logic": 0,
                "wrapper": {
                    "width": "",
                    "class": "",
                    "id": ""
                },
                "placement": "top",
                "endpoint": 0
            },
            {
                "key": "field_61e8e9cb0cd38",
                "label": "Footer",
                "name": "footer",
                "type": "post_object",
                "instructions": "",
                "required": 0,
                "conditional_logic": 0,
                "wrapper": {
                    "width": "",
                    "class": "",
                    "id": ""
                },
                "post_type": [
                    "html-blocks"
                ],
                "taxonomy": "",
                "allow_null": 1,
                "multiple": 0,
                "return_format": "id",
                "ui": 1
            },
            {
                "key": "field_621f3bafa843d",
                "label": "Contact",
                "name": "",
                "type": "tab",
                "instructions": "",
                "required": 0,
                "conditional_logic": 0,
                "wrapper": {
                    "width": "",
                    "class": "",
                    "id": ""
                },
                "placement": "top",
                "endpoint": 0
            },
            {
                "key": "field_621f3bbea843e",
                "label": "Contact",
                "name": "contact",
                "type": "group",
                "instructions": "",
                "required": 0,
                "conditional_logic": 0,
                "wrapper": {
                    "width": "",
                    "class": "",
                    "id": ""
                },
                "layout": "row",
                "sub_fields": [
                    {
                        "key": "field_621f3bfba8441",
                        "label": "Address",
                        "name": "address",
                        "type": "text",
                        "instructions": "",
                        "required": 0,
                        "conditional_logic": 0,
                        "wrapper": {
                            "width": "",
                            "class": "",
                            "id": ""
                        },
                        "default_value": "",
                        "placeholder": "",
                        "prepend": "",
                        "append": "",
                        "maxlength": ""
                    },
                    {
                        "key": "field_621f3bd8a843f",
                        "label": "Hotline",
                        "name": "hotline",
                        "type": "text",
                        "instructions": "",
                        "required": 0,
                        "conditional_logic": 0,
                        "wrapper": {
                            "width": "",
                            "class": "",
                            "id": ""
                        },
                        "default_value": "",
                        "placeholder": "",
                        "prepend": "",
                        "append": "",
                        "maxlength": ""
                    },
                    {
                        "key": "field_621f3beba8440",
                        "label": "Email",
                        "name": "email",
                        "type": "text",
                        "instructions": "",
                        "required": 0,
                        "conditional_logic": 0,
                        "wrapper": {
                            "width": "",
                            "class": "",
                            "id": ""
                        },
                        "default_value": "",
                        "placeholder": "",
                        "prepend": "",
                        "append": "",
                        "maxlength": ""
                    },
                    {
                        "key": "field_621f3c14a8442",
                        "label": "Map",
                        "name": "map",
                        "type": "text",
                        "instructions": "",
                        "required": 0,
                        "conditional_logic": 0,
                        "wrapper": {
                            "width": "",
                            "class": "",
                            "id": ""
                        },
                        "default_value": "",
                        "placeholder": "",
                        "prepend": "",
                        "append": "",
                        "maxlength": ""
                    },
                    {
                        "key": "field_621f3c1da8443",
                        "label": "Contact Form",
                        "name": "contact_form",
                        "type": "text",
                        "instructions": "",
                        "required": 0,
                        "conditional_logic": 0,
                        "wrapper": {
                            "width": "",
                            "class": "",
                            "id": ""
                        },
                        "default_value": "",
                        "placeholder": "",
                        "prepend": "",
                        "append": "",
                        "maxlength": ""
                    }
                ]
            },
            {
                "key": "field_5fb01d7a066c5",
                "label": "Socials",
                "name": "",
                "type": "tab",
                "instructions": "",
                "required": 0,
                "conditional_logic": 0,
                "wrapper": {
                    "width": "",
                    "class": "",
                    "id": ""
                },
                "placement": "left",
                "endpoint": 0
            },
            {
                "key": "field_5fafa4cf04e0f",
                "label": "Socials",
                "name": "socials",
                "type": "repeater",
                "instructions": "",
                "required": 0,
                "conditional_logic": 0,
                "wrapper": {
                    "width": "",
                    "class": "",
                    "id": ""
                },
                "collapsed": "",
                "min": 1,
                "max": 0,
                "layout": "row",
                "button_label": "Add Social",
                "sub_fields": [
                    {
                        "key": "field_5fafa4ed04e10",
                        "label": "Title",
                        "name": "title",
                        "type": "text",
                        "instructions": "",
                        "required": 0,
                        "conditional_logic": 0,
                        "wrapper": {
                            "width": "33",
                            "class": "",
                            "id": ""
                        },
                        "default_value": "",
                        "placeholder": "",
                        "prepend": "",
                        "append": "",
                        "maxlength": ""
                    },
                    {
                        "key": "field_5fafa55bb45e9",
                        "label": "Url",
                        "name": "url",
                        "type": "text",
                        "instructions": "",
                        "required": 0,
                        "conditional_logic": 0,
                        "wrapper": {
                            "width": "33",
                            "class": "",
                            "id": ""
                        },
                        "default_value": "",
                        "placeholder": "",
                        "prepend": "",
                        "append": "",
                        "maxlength": ""
                    },
                    {
                        "key": "field_5fb025bb65704",
                        "label": "Icon Image",
                        "name": "icon_image",
                        "type": "image",
                        "instructions": "",
                        "required": 0,
                        "conditional_logic": 0,
                        "wrapper": {
                            "width": "",
                            "class": "",
                            "id": ""
                        },
                        "return_format": "url",
                        "preview_size": "full",
                        "library": "all",
                        "min_width": "",
                        "min_height": "",
                        "min_size": "",
                        "max_width": "",
                        "max_height": "",
                        "max_size": "",
                        "mime_types": ""
                    },
                    {
                        "key": "field_5fafa52db45e8",
                        "label": "Icon Class",
                        "name": "icon_class",
                        "type": "text",
                        "instructions": "",
                        "required": 0,
                        "conditional_logic": 0,
                        "wrapper": {
                            "width": "33",
                            "class": "",
                            "id": ""
                        },
                        "default_value": "",
                        "placeholder": "",
                        "prepend": "",
                        "append": "",
                        "maxlength": ""
                    }
                ]
            },
            {
                "key": "field_5fed28e12234b",
                "label": "Chats",
                "name": "",
                "type": "tab",
                "instructions": "",
                "required": 0,
                "conditional_logic": 0,
                "wrapper": {
                    "width": "",
                    "class": "",
                    "id": ""
                },
                "placement": "top",
                "endpoint": 0
            },
            {
                "key": "field_6179041e65ea8",
                "label": "Chats",
                "name": "chats",
                "type": "group",
                "instructions": "",
                "required": 0,
                "conditional_logic": 0,
                "wrapper": {
                    "width": "",
                    "class": "",
                    "id": ""
                },
                "layout": "block",
                "sub_fields": [
                    {
                        "key": "field_60935c0d40771",
                        "label": "Phone",
                        "name": "phone",
                        "type": "text",
                        "instructions": "",
                        "required": 0,
                        "conditional_logic": 0,
                        "wrapper": {
                            "width": "",
                            "class": "",
                            "id": ""
                        },
                        "default_value": "",
                        "placeholder": "",
                        "prepend": "",
                        "append": "",
                        "maxlength": "",
                        "translations": "translate"
                    },
                    {
                        "key": "field_5fed28fa2234c",
                        "label": "Zalo",
                        "name": "zalo",
                        "type": "url",
                        "instructions": "Link To Zalo Message",
                        "required": 0,
                        "conditional_logic": 0,
                        "wrapper": {
                            "width": "",
                            "class": "",
                            "id": ""
                        },
                        "default_value": "",
                        "placeholder": "",
                        "translations": "copy_once"
                    },
                    {
                        "key": "field_61250a0da5056",
                        "label": "Facebook",
                        "name": "facebook",
                        "type": "url",
                        "instructions": "Link To Facebook Message",
                        "required": 0,
                        "conditional_logic": 0,
                        "wrapper": {
                            "width": "",
                            "class": "",
                            "id": ""
                        },
                        "default_value": "",
                        "placeholder": "",
                        "translations": "copy_once"
                    },
                    {
                        "key": "field_6179041565ea7",
                        "label": "Email",
                        "name": "email",
                        "type": "url",
                        "instructions": "Link To Email",
                        "required": 0,
                        "conditional_logic": 0,
                        "wrapper": {
                            "width": "",
                            "class": "",
                            "id": ""
                        },
                        "default_value": "",
                        "placeholder": "",
                        "translations": "copy_once"
                    }
                ]
            },
            {
                "key": "field_61cd7034d032c",
                "label": "Popups",
                "name": "",
                "type": "tab",
                "instructions": "",
                "required": 0,
                "conditional_logic": 0,
                "wrapper": {
                    "width": "",
                    "class": "",
                    "id": ""
                },
                "placement": "top",
                "endpoint": 0
            },
            {
                "key": "field_61cd7046d032d",
                "label": "Popups",
                "name": "popups",
                "type": "repeater",
                "instructions": "",
                "required": 0,
                "conditional_logic": 0,
                "wrapper": {
                    "width": "",
                    "class": "",
                    "id": ""
                },
                "collapsed": "",
                "min": 1,
                "max": 0,
                "layout": "block",
                "button_label": "Add Item",
                "sub_fields": [
                    {
                        "key": "field_61d9ccca24fe7",
                        "label": "ID",
                        "name": "id",
                        "type": "text",
                        "instructions": "",
                        "required": 0,
                        "conditional_logic": 0,
                        "wrapper": {
                            "width": "",
                            "class": "",
                            "id": ""
                        },
                        "default_value": "",
                        "placeholder": "",
                        "prepend": "",
                        "append": "",
                        "maxlength": ""
                    },
                    {
                        "key": "field_61cd7059d032e",
                        "label": "Popup",
                        "name": "popup",
                        "type": "post_object",
                        "instructions": "",
                        "required": 0,
                        "conditional_logic": 0,
                        "wrapper": {
                            "width": "",
                            "class": "",
                            "id": ""
                        },
                        "post_type": [
                            "html-blocks"
                        ],
                        "taxonomy": "",
                        "allow_null": 1,
                        "multiple": 0,
                        "return_format": "id",
                        "ui": 1
                    }
                ]
            },
            {
                "key": "field_619b3994f6fdd",
                "label": "Khác",
                "name": "",
                "type": "tab",
                "instructions": "",
                "required": 0,
                "conditional_logic": 0,
                "wrapper": {
                    "width": "",
                    "class": "",
                    "id": ""
                },
                "placement": "top",
                "endpoint": 0
            },
            {
                "key": "field_619b39a0f6fde",
                "label": "Khác",
                "name": "other",
                "type": "group",
                "instructions": "",
                "required": 0,
                "conditional_logic": 0,
                "wrapper": {
                    "width": "",
                    "class": "",
                    "id": ""
                },
                "layout": "block",
                "sub_fields": [
                    {
                        "key": "field_619b39ccf6fdf",
                        "label": "Chèn mã Header",
                        "name": "code_header",
                        "type": "textarea",
                        "instructions": "",
                        "required": 0,
                        "conditional_logic": 0,
                        "wrapper": {
                            "width": "",
                            "class": "",
                            "id": ""
                        },
                        "default_value": "",
                        "placeholder": "",
                        "maxlength": "",
                        "rows": "",
                        "new_lines": ""
                    },
                    {
                        "key": "field_619b39e5f6fe0",
                        "label": "Chèn mã Footer",
                        "name": "code_footer",
                        "type": "textarea",
                        "instructions": "",
                        "required": 0,
                        "conditional_logic": 0,
                        "wrapper": {
                            "width": "",
                            "class": "",
                            "id": ""
                        },
                        "default_value": "",
                        "placeholder": "",
                        "maxlength": "",
                        "rows": "",
                        "new_lines": ""
                    },
                    {
                        "key": "field_638974593c85a",
                        "label": "Developer",
                        "name": "developer",
                        "type": "select",
                        "instructions": "",
                        "required": 0,
                        "conditional_logic": 0,
                        "wrapper": {
                            "width": "",
                            "class": "",
                            "id": ""
                        },
                        "choices": {
                            "yes": "Yes",
                            "no": "No"
                        },
                        "default_value": false,
                        "allow_null": 0,
                        "multiple": 0,
                        "ui": 0,
                        "return_format": "value",
                        "ajax": 0,
                        "placeholder": ""
                    }
                ]
            }
        ],
        "location": [
            [
                {
                    "param": "options_page",
                    "operator": "==",
                    "value": "lth-theme-options"
                }
            ]
        ],
        "menu_order": 0,
        "position": "normal",
        "style": "default",
        "label_placement": "top",
        "instruction_placement": "label",
        "hide_on_screen": "",
        "active": true,
        "description": ""
    },
    {
        "key": "group_619b5656a7799",
        "title": "Widget HTML",
        "fields": [
            {
                "key": "field_619b56b238cb9",
                "label": "Content",
                "name": "content",
                "type": "wysiwyg",
                "instructions": "",
                "required": 0,
                "conditional_logic": 0,
                "wrapper": {
                    "width": "",
                    "class": "",
                    "id": ""
                },
                "default_value": "",
                "tabs": "all",
                "toolbar": "full",
                "media_upload": 1,
                "delay": 0
            }
        ],
        "location": [
            [
                {
                    "param": "widget",
                    "operator": "==",
                    "value": "widget_html"
                }
            ]
        ],
        "menu_order": 0,
        "position": "normal",
        "style": "default",
        "label_placement": "top",
        "instruction_placement": "label",
        "hide_on_screen": "",
        "active": true,
        "description": ""
    },
    {
        "key": "group_619c414930f17",
        "title": "Widget Html Blocks",
        "fields": [
            {
                "key": "field_619c41583f39f",
                "label": "Content",
                "name": "content",
                "type": "post_object",
                "instructions": "",
                "required": 0,
                "conditional_logic": 0,
                "wrapper": {
                    "width": "",
                    "class": "",
                    "id": ""
                },
                "post_type": [
                    "html-blocks"
                ],
                "taxonomy": "",
                "allow_null": 0,
                "multiple": 0,
                "return_format": "object",
                "ui": 1
            }
        ],
        "location": [
            [
                {
                    "param": "widget",
                    "operator": "==",
                    "value": "widget_html_blocks"
                }
            ]
        ],
        "menu_order": 0,
        "position": "normal",
        "style": "default",
        "label_placement": "top",
        "instruction_placement": "label",
        "hide_on_screen": "",
        "active": true,
        "description": ""
    },
    {
        "key": "group_61c444b5c0ef5",
        "title": "Widget Tin Tức",
        "fields": [
            {
                "key": "field_61c444c305a8c",
                "label": "Select",
                "name": "select",
                "type": "select",
                "instructions": "",
                "required": 0,
                "conditional_logic": 0,
                "wrapper": {
                    "width": "",
                    "class": "",
                    "id": ""
                },
                "choices": {
                    "new": "New",
                    "rand": "Rand",
                    "featured": "Featured"
                },
                "default_value": false,
                "allow_null": 0,
                "multiple": 0,
                "ui": 0,
                "return_format": "value",
                "ajax": 0,
                "placeholder": ""
            },
            {
                "key": "field_61c444f005a8d",
                "label": "Posts",
                "name": "posts",
                "type": "relationship",
                "instructions": "",
                "required": 0,
                "conditional_logic": [
                    [
                        {
                            "field": "field_61c444c305a8c",
                            "operator": "==",
                            "value": "featured"
                        }
                    ]
                ],
                "wrapper": {
                    "width": "",
                    "class": "",
                    "id": ""
                },
                "post_type": [
                    "post"
                ],
                "taxonomy": "",
                "filters": [
                    "search",
                    "taxonomy"
                ],
                "elements": [
                    "featured_image"
                ],
                "min": "",
                "max": "",
                "return_format": "object"
            }
        ],
        "location": [
            [
                {
                    "param": "widget",
                    "operator": "==",
                    "value": "widget_blogs"
                }
            ]
        ],
        "menu_order": 0,
        "position": "normal",
        "style": "default",
        "label_placement": "top",
        "instruction_placement": "label",
        "hide_on_screen": "",
        "active": true,
        "description": ""
    }
]