<?xml version="1.0" encoding="UTF-8" ?>
<!-- This is a WordPress eXtended RSS file generated by WordPress as an export of your site. -->
<!-- It contains information about your site's posts, pages, comments, categories, and other content. -->
<!-- You may use this file to transfer that content from one site to another. -->
<!-- This file is not intended to serve as a complete backup of your site. -->

<!-- To import this information into a WordPress site follow these steps: -->
<!-- 1. Log in to that site as an administrator. -->
<!-- 2. Go to Tools: Import in the WordPress admin panel. -->
<!-- 3. Install the "WordPress" importer from the list. -->
<!-- 4. Activate & Run Importer. -->
<!-- 5. Upload this file using the form provided on that page. -->
<!-- 6. You will first be asked to map the authors in this export file to users -->
<!--    on the site. For each author, you may choose to map to an -->
<!--    existing user on the site or to create a new user. -->
<!-- 7. WordPress will then import each of the posts, pages, comments, categories, etc. -->
<!--    contained in this file into your site. -->

	<!-- generator="WordPress/6.0" created="2022-06-30 01:24" -->
<rss version="2.0"
	xmlns:excerpt="http://wordpress.org/export/1.2/excerpt/"
	xmlns:content="http://purl.org/rss/1.0/modules/content/"
	xmlns:wfw="http://wellformedweb.org/CommentAPI/"
	xmlns:dc="http://purl.org/dc/elements/1.1/"
	xmlns:wp="http://wordpress.org/export/1.2/"
>

<channel>
	<title>Cosmetic</title>
	<link>https://webmau.gcosoftware.vn/flatsome/cosmetic</link>
	<description>Một trang web mới sử dụng WordPress</description>
	<pubDate>Thu, 30 Jun 2022 01:24:49 +0000</pubDate>
	<language>vi</language>
	<wp:wxr_version>1.2</wp:wxr_version>
	<wp:base_site_url>https://webmau.gcosoftware.vn/flatsome/cosmetic</wp:base_site_url>
	<wp:base_blog_url>https://webmau.gcosoftware.vn/flatsome/cosmetic</wp:base_blog_url>

		<wp:author><wp:author_id>1</wp:author_id><wp:author_login><![CDATA[cosmetic_admin]]></wp:author_login><wp:author_email><![CDATA[admin@admin.com]]></wp:author_email><wp:author_display_name><![CDATA[cosmetic_admin]]></wp:author_display_name><wp:author_first_name><![CDATA[abc]]></wp:author_first_name><wp:author_last_name><![CDATA[def]]></wp:author_last_name></wp:author>

				
	<generator>https://wordpress.org/?v=6.0</generator>

		<item>
		<title><![CDATA[Đăng ký nhận tin]]></title>
		<link>https://webmau.gcosoftware.vn/flatsome/cosmetic/?post_type=wpcf7_contact_form&#038;p=5</link>
		<pubDate>Thu, 05 May 2022 01:25:08 +0000</pubDate>
		<dc:creator><![CDATA[cosmetic_admin]]></dc:creator>
		<guid isPermaLink="false">http://localhost/job/gco/gco-wp/veoveo/f-ae/f-ae/?post_type=wpcf7_contact_form&#038;p=5</guid>
		<description></description>
		<content:encoded><![CDATA[[email* your-email placeholder "Email của bạn"]

<div class="form-group-button">
<div claa="form-button">
[submit "Đăng ký"]
</div>
</div>
1
[_site_title] "[your-subject]"
[_site_title] <trhuan177@gmail.com>
[_site_admin_email]
Gửi đến từ: [your-name] <[your-email]>
Tiêu đề: [your-subject]

Nội dung thông điệp:
[your-message]

-- 
Email này được gửi đến từ form liên hệ của website [_site_title] ([_site_url])
Reply-To: [your-email]




[_site_title] "[your-subject]"
[_site_title] <trhuan177@gmail.com>
[your-email]
Nội dung thông điệp:
[your-message]

-- 
Email này được gửi đến từ form liên hệ của website [_site_title] ([_site_url])
Reply-To: [_site_admin_email]



Xin cảm ơn, form đã được gửi thành công.
Có lỗi xảy ra trong quá trình gửi. Xin vui lòng thử lại hoặc liên hệ người quản trị website.
Có một hoặc nhiều mục nhập có lỗi. Vui lòng kiểm tra và thử lại.
Có lỗi xảy ra trong quá trình gửi. Xin vui lòng thử lại hoặc liên hệ người quản trị website.
Bạn phải chấp nhận điều khoản trước khi gửi form.
Mục này là bắt buộc.
Nhập quá số kí tự cho phép.
Nhập ít hơn số kí tự tối thiểu.
Tải file lên không thành công.
Bạn không được phép tải lên file theo định dạng này.
File kích thước quá lớn.
Tải file lên không thành công.
Định dạng ngày tháng không hợp lệ.
Ngày này trước ngày sớm nhất được cho phép.
Ngày này quá ngày gần nhất được cho phép.
Định dạng số không hợp lệ.
Con số nhỏ hơn số nhỏ nhất cho phép.
Con số lớn hơn số lớn nhất cho phép.
Câu trả lời chưa đúng.
Địa chỉ e-mail không hợp lệ.
URL không hợp lệ.
Số điện thoại không hợp lệ.]]></content:encoded>
		<excerpt:encoded><![CDATA[]]></excerpt:encoded>
		<wp:post_id>5</wp:post_id>
		<wp:post_date><![CDATA[2022-05-05 01:25:08]]></wp:post_date>
		<wp:post_date_gmt><![CDATA[2022-05-05 01:25:08]]></wp:post_date_gmt>
		<wp:post_modified><![CDATA[2022-05-05 01:25:08]]></wp:post_modified>
		<wp:post_modified_gmt><![CDATA[2022-05-05 01:25:08]]></wp:post_modified_gmt>
		<wp:comment_status><![CDATA[closed]]></wp:comment_status>
		<wp:ping_status><![CDATA[closed]]></wp:ping_status>
		<wp:post_name><![CDATA[form-lien-he-1]]></wp:post_name>
		<wp:status><![CDATA[publish]]></wp:status>
		<wp:post_parent>0</wp:post_parent>
		<wp:menu_order>0</wp:menu_order>
		<wp:post_type><![CDATA[wpcf7_contact_form]]></wp:post_type>
		<wp:post_password><![CDATA[]]></wp:post_password>
		<wp:is_sticky>0</wp:is_sticky>
														<wp:postmeta>
		<wp:meta_key><![CDATA[_messages]]></wp:meta_key>
		<wp:meta_value><![CDATA[a:22:{s:12:"mail_sent_ok";s:53:"Xin cảm ơn, form đã được gửi thành công.";s:12:"mail_sent_ng";s:118:"Có lỗi xảy ra trong quá trình gửi. Xin vui lòng thử lại hoặc liên hệ người quản trị website.";s:16:"validation_error";s:86:"Có một hoặc nhiều mục nhập có lỗi. Vui lòng kiểm tra và thử lại.";s:4:"spam";s:118:"Có lỗi xảy ra trong quá trình gửi. Xin vui lòng thử lại hoặc liên hệ người quản trị website.";s:12:"accept_terms";s:67:"Bạn phải chấp nhận điều khoản trước khi gửi form.";s:16:"invalid_required";s:28:"Mục này là bắt buộc.";s:16:"invalid_too_long";s:36:"Nhập quá số kí tự cho phép.";s:17:"invalid_too_short";s:44:"Nhập ít hơn số kí tự tối thiểu.";s:13:"upload_failed";s:36:"Tải file lên không thành công.";s:24:"upload_file_type_invalid";s:69:"Bạn không được phép tải lên file theo định dạng này.";s:21:"upload_file_too_large";s:31:"File kích thước quá lớn.";s:23:"upload_failed_php_error";s:36:"Tải file lên không thành công.";s:12:"invalid_date";s:46:"Định dạng ngày tháng không hợp lệ.";s:14:"date_too_early";s:58:"Ngày này trước ngày sớm nhất được cho phép.";s:13:"date_too_late";s:54:"Ngày này quá ngày gần nhất được cho phép.";s:14:"invalid_number";s:38:"Định dạng số không hợp lệ.";s:16:"number_too_small";s:48:"Con số nhỏ hơn số nhỏ nhất cho phép.";s:16:"number_too_large";s:48:"Con số lớn hơn số lớn nhất cho phép.";s:23:"quiz_answer_not_correct";s:30:"Câu trả lời chưa đúng.";s:13:"invalid_email";s:38:"Địa chỉ e-mail không hợp lệ.";s:11:"invalid_url";s:22:"URL không hợp lệ.";s:11:"invalid_tel";s:39:"Số điện thoại không hợp lệ.";}]]></wp:meta_value>
		</wp:postmeta>
							<wp:postmeta>
		<wp:meta_key><![CDATA[_form]]></wp:meta_key>
		<wp:meta_value><![CDATA[[email* your-email placeholder "Email của bạn"]

<div class="form-group-button">
<div claa="form-button">
[submit "Đăng ký"]
</div>
</div>]]></wp:meta_value>
		</wp:postmeta>
							<wp:postmeta>
		<wp:meta_key><![CDATA[_mail]]></wp:meta_key>
		<wp:meta_value><![CDATA[a:9:{s:6:"active";b:1;s:7:"subject";s:30:"[_site_title] "[your-subject]"";s:6:"sender";s:35:"[_site_title] <trhuan177@gmail.com>";s:9:"recipient";s:19:"[_site_admin_email]";s:4:"body";s:217:"Gửi đến từ: [your-name] <[your-email]>
Tiêu đề: [your-subject]

Nội dung thông điệp:
[your-message]

-- 
Email này được gửi đến từ form liên hệ của website [_site_title] ([_site_url])";s:18:"additional_headers";s:22:"Reply-To: [your-email]";s:11:"attachments";s:0:"";s:8:"use_html";b:0;s:13:"exclude_blank";b:0;}]]></wp:meta_value>
		</wp:postmeta>
							<wp:postmeta>
		<wp:meta_key><![CDATA[_mail_2]]></wp:meta_key>
		<wp:meta_value><![CDATA[a:9:{s:6:"active";b:0;s:7:"subject";s:30:"[_site_title] "[your-subject]"";s:6:"sender";s:35:"[_site_title] <trhuan177@gmail.com>";s:9:"recipient";s:12:"[your-email]";s:4:"body";s:142:"Nội dung thông điệp:
[your-message]

-- 
Email này được gửi đến từ form liên hệ của website [_site_title] ([_site_url])";s:18:"additional_headers";s:29:"Reply-To: [_site_admin_email]";s:11:"attachments";s:0:"";s:8:"use_html";b:0;s:13:"exclude_blank";b:0;}]]></wp:meta_value>
		</wp:postmeta>
							<wp:postmeta>
		<wp:meta_key><![CDATA[_additional_settings]]></wp:meta_key>
		<wp:meta_value><![CDATA[]]></wp:meta_value>
		</wp:postmeta>
							<wp:postmeta>
		<wp:meta_key><![CDATA[_locale]]></wp:meta_key>
		<wp:meta_value><![CDATA[vi]]></wp:meta_value>
		</wp:postmeta>
							</item>
					<item>
		<title><![CDATA[Liên hệ]]></title>
		<link>https://webmau.gcosoftware.vn/flatsome/cosmetic/?post_type=wpcf7_contact_form&#038;p=422</link>
		<pubDate>Wed, 06 Jan 2021 02:40:09 +0000</pubDate>
		<dc:creator><![CDATA[cosmetic_admin]]></dc:creator>
		<guid isPermaLink="false">http://localhost/lth/lth-90-woo/?post_type=wpcf7_contact_form&#038;p=414</guid>
		<description></description>
		<content:encoded><![CDATA[<div class="contact-form">
<div class="form-group">
    [text* your-name placeholder "Họ tên"]
</div>

<div class="form-group">
    [email* your-email placeholder "Email"]
</div>

<div class="form-group">
    [tel* your-phone minlength:10 maxlength:11 placeholder "Số điện thoại"]
</div>


<div class="form-group">
    [textarea your-message placeholder "Nội dung"]
</div>

<div class="form-group form-group-button">
<div class="form-button">
[submit "Gửi email"]
</div>
</div>
</div>
1
[_site_title] "[your-subject]"
[_site_title] <trhuan177@gmail.com>
[_site_admin_email]
Gửi đến từ: [your-name] <[your-email]>
Tiêu đề: [your-subject]

Nội dung thông điệp:
[your-message]

-- 
Email này được gửi đến từ form liên hệ của website [_site_title] ([_site_url])
Reply-To: [your-email]




[_site_title] "[your-subject]"
[_site_title] <trhuan177@gmail.com>
[your-email]
Nội dung thông điệp:
[your-message]

-- 
Email này được gửi đến từ form liên hệ của website [_site_title] ([_site_url])
Reply-To: [_site_admin_email]



Xin cảm ơn, email đã được gửi thành công.
Có lỗi xảy ra trong quá trình gửi. Xin vui lòng thử lại hoặc liên hệ người quản trị website.
Có một hoặc nhiều mục nhập có lỗi. Vui lòng kiểm tra và thử lại.
Có lỗi xảy ra trong quá trình gửi. Xin vui lòng thử lại hoặc liên hệ người quản trị website.
Bạn phải chấp nhận điều khoản trước khi gửi form.
Mục này là bắt buộc.
Nhập quá số kí tự cho phép.
Nhập ít hơn số kí tự tối thiểu.
Tải file lên không thành công.
Bạn không được phép tải lên file theo định dạng này.
File kích thước quá lớn.
Tải file lên không thành công.
Định dạng ngày tháng không hợp lệ.
Ngày này trước ngày sớm nhất được cho phép.
Ngày này quá ngày gần nhất được cho phép.
Định dạng số không hợp lệ.
Con số nhỏ hơn số nhỏ nhất cho phép.
Con số lớn hơn số lớn nhất cho phép.
Câu trả lời chưa đúng.
Địa chỉ e-mail không hợp lệ.
URL không hợp lệ.
Số điện thoại không hợp lệ.]]></content:encoded>
		<excerpt:encoded><![CDATA[]]></excerpt:encoded>
		<wp:post_id>422</wp:post_id>
		<wp:post_date><![CDATA[2021-01-06 09:40:09]]></wp:post_date>
		<wp:post_date_gmt><![CDATA[2021-01-06 02:40:09]]></wp:post_date_gmt>
		<wp:post_modified><![CDATA[2022-06-30 08:23:53]]></wp:post_modified>
		<wp:post_modified_gmt><![CDATA[2022-06-30 01:23:53]]></wp:post_modified_gmt>
		<wp:comment_status><![CDATA[closed]]></wp:comment_status>
		<wp:ping_status><![CDATA[closed]]></wp:ping_status>
		<wp:post_name><![CDATA[chua-co-tieu-de]]></wp:post_name>
		<wp:status><![CDATA[publish]]></wp:status>
		<wp:post_parent>0</wp:post_parent>
		<wp:menu_order>0</wp:menu_order>
		<wp:post_type><![CDATA[wpcf7_contact_form]]></wp:post_type>
		<wp:post_password><![CDATA[]]></wp:post_password>
		<wp:is_sticky>0</wp:is_sticky>
														<wp:postmeta>
		<wp:meta_key><![CDATA[_form]]></wp:meta_key>
		<wp:meta_value><![CDATA[<div class="contact-form">
<div class="form-group">
    [text* your-name placeholder "Họ tên"]
</div>

<div class="form-group">
    [email* your-email placeholder "Email"]
</div>

<div class="form-group">
    [tel* your-phone minlength:10 maxlength:11 placeholder "Số điện thoại"]
</div>


<div class="form-group">
    [textarea your-message placeholder "Nội dung"]
</div>

<div class="form-group form-group-button">
<div class="form-button">
[submit "Gửi email"]
</div>
</div>
</div>]]></wp:meta_value>
		</wp:postmeta>
							<wp:postmeta>
		<wp:meta_key><![CDATA[_mail]]></wp:meta_key>
		<wp:meta_value><![CDATA[a:9:{s:6:"active";b:1;s:7:"subject";s:30:"[_site_title] "[your-subject]"";s:6:"sender";s:35:"[_site_title] <trhuan177@gmail.com>";s:9:"recipient";s:19:"[_site_admin_email]";s:4:"body";s:217:"Gửi đến từ: [your-name] <[your-email]>
Tiêu đề: [your-subject]

Nội dung thông điệp:
[your-message]

-- 
Email này được gửi đến từ form liên hệ của website [_site_title] ([_site_url])";s:18:"additional_headers";s:22:"Reply-To: [your-email]";s:11:"attachments";s:0:"";s:8:"use_html";b:0;s:13:"exclude_blank";b:0;}]]></wp:meta_value>
		</wp:postmeta>
							<wp:postmeta>
		<wp:meta_key><![CDATA[_mail_2]]></wp:meta_key>
		<wp:meta_value><![CDATA[a:9:{s:6:"active";b:0;s:7:"subject";s:30:"[_site_title] "[your-subject]"";s:6:"sender";s:35:"[_site_title] <trhuan177@gmail.com>";s:9:"recipient";s:12:"[your-email]";s:4:"body";s:142:"Nội dung thông điệp:
[your-message]

-- 
Email này được gửi đến từ form liên hệ của website [_site_title] ([_site_url])";s:18:"additional_headers";s:29:"Reply-To: [_site_admin_email]";s:11:"attachments";s:0:"";s:8:"use_html";b:0;s:13:"exclude_blank";b:0;}]]></wp:meta_value>
		</wp:postmeta>
							<wp:postmeta>
		<wp:meta_key><![CDATA[_messages]]></wp:meta_key>
		<wp:meta_value><![CDATA[a:22:{s:12:"mail_sent_ok";s:54:"Xin cảm ơn, email đã được gửi thành công.";s:12:"mail_sent_ng";s:118:"Có lỗi xảy ra trong quá trình gửi. Xin vui lòng thử lại hoặc liên hệ người quản trị website.";s:16:"validation_error";s:86:"Có một hoặc nhiều mục nhập có lỗi. Vui lòng kiểm tra và thử lại.";s:4:"spam";s:118:"Có lỗi xảy ra trong quá trình gửi. Xin vui lòng thử lại hoặc liên hệ người quản trị website.";s:12:"accept_terms";s:67:"Bạn phải chấp nhận điều khoản trước khi gửi form.";s:16:"invalid_required";s:28:"Mục này là bắt buộc.";s:16:"invalid_too_long";s:36:"Nhập quá số kí tự cho phép.";s:17:"invalid_too_short";s:44:"Nhập ít hơn số kí tự tối thiểu.";s:13:"upload_failed";s:36:"Tải file lên không thành công.";s:24:"upload_file_type_invalid";s:69:"Bạn không được phép tải lên file theo định dạng này.";s:21:"upload_file_too_large";s:31:"File kích thước quá lớn.";s:23:"upload_failed_php_error";s:36:"Tải file lên không thành công.";s:12:"invalid_date";s:46:"Định dạng ngày tháng không hợp lệ.";s:14:"date_too_early";s:58:"Ngày này trước ngày sớm nhất được cho phép.";s:13:"date_too_late";s:54:"Ngày này quá ngày gần nhất được cho phép.";s:14:"invalid_number";s:38:"Định dạng số không hợp lệ.";s:16:"number_too_small";s:48:"Con số nhỏ hơn số nhỏ nhất cho phép.";s:16:"number_too_large";s:48:"Con số lớn hơn số lớn nhất cho phép.";s:23:"quiz_answer_not_correct";s:30:"Câu trả lời chưa đúng.";s:13:"invalid_email";s:38:"Địa chỉ e-mail không hợp lệ.";s:11:"invalid_url";s:22:"URL không hợp lệ.";s:11:"invalid_tel";s:39:"Số điện thoại không hợp lệ.";}]]></wp:meta_value>
		</wp:postmeta>
							<wp:postmeta>
		<wp:meta_key><![CDATA[_additional_settings]]></wp:meta_key>
		<wp:meta_value><![CDATA[]]></wp:meta_value>
		</wp:postmeta>
							<wp:postmeta>
		<wp:meta_key><![CDATA[_locale]]></wp:meta_key>
		<wp:meta_value><![CDATA[vi]]></wp:meta_value>
		</wp:postmeta>
							<wp:postmeta>
		<wp:meta_key><![CDATA[_config_errors]]></wp:meta_key>
		<wp:meta_value><![CDATA[a:1:{s:11:"mail.sender";a:1:{i:0;a:2:{s:4:"code";i:103;s:4:"args";a:3:{s:7:"message";s:0:"";s:6:"params";a:0:{}s:4:"link";s:70:"https://contactform7.com/configuration-errors/email-not-in-site-domain";}}}}]]></wp:meta_value>
		</wp:postmeta>
							</item>
				</channel>
</rss>
	